time,tau,omega_2
0,0,0.183388754
0.25,0,-0.3023056
0.5,0,0.103111478
0.75,0,0.083262932
1,0,-0.080064058
1.25,0,0.121914102
1.5,0,-0.473845041
1.75,0,0.366391048
2,0,-0.187551857
2.075496122,0,0.085928248
2.150992244,0,0.122489688
2.226488365,0,-0.326082896
2.301984487,0,-0.09469353
2.377480609,0,-0.329537803
2.452976731,0,0.155620915
2.528472853,0,0.01567568
2.603968974,0,0.242722558
2.655122907,0,-0.19822483
2.70627684,0,0.178885066
2.757430773,0,0.050091384
2.808584706,0,-0.030786506
2.829502843,0,0.223597215
2.850420979,0,-0.304554071
2.871339116,0,-0.111130537
2.892257252,0,-0.081153273
2.913175389,0,-0.178264635
2.934093525,0,-0.099412223
2.955011662,0,0.454862101
2.975929798,0,0.11265185
2.979574309,0,0.053435401
2.98321882,0,0.038728227
2.986863331,0,-0.052526289
2.990507842,0,0.021634684
2.994152352,0,0.13748064
2.997796863,0,-0.026322467
3.001441374,1000,-0.29624374
3.005085885,1000,0.125909689
3.008655321,1000,-0.291526252
3.012224757,1000,0.051940889
3.015794193,1000,0.14500862
3.019363628,1000,-0.095123259
3.037210808,1000,0.094174931
3.055057987,1000,0.347429583
3.072905166,1000,0.022443756
3.090752345,1000,-0.025150923
3.179988241,1000,0.24818518
3.269224137,1000,-0.120573144
3.358460033,1000,0.332379028
3.447695929,1000,0.379920822
3.697695929,1000,0.045090744
3.947695929,1000,0.122898516
4.197695929,1000,-0.198069435
4.447695929,1000,-0.012396276
4.697695929,1000,0.354573734
4.947695929,1000,0.070102183
5.197695929,1000,-0.015114151
5.447695929,1000,0.392353921
5.697695929,1000,-0.059805369
5.947695929,1000,0.021507676
6.197695929,1000,0.038659331
6.447695929,1000,0.359731751
6.697695929,1000,0.208095038
6.947695929,1000,-0.006512655
7.197695929,1000,0.24520957
7.447695929,1000,0.013097471
7.697695929,1000,0.506638851
7.947695929,1000,-0.294760579
8.197695929,1000,0.262031558
8.447695929,1000,0.426282079
8.697695929,1000,0.239142285
8.947695929,1000,0.025599792
9.197695929,0,0.483189411
9.447695929,0,0.227945771
9.668169157,0,0.513685591
9.888642384,0,0.348598459
10.10911561,0,0.556579824
10.32958884,0,0.438536798
10.57958884,0,0.701031072
10.82958884,0,0.44857777
11.07958884,0,1.097026647
11.32958884,0,0.92762772
11.57958884,0,0.879941924
11.82958884,0,0.652094555
12.07958884,0,0.994307835
12.32958884,0,0.833183367
12.57958884,0,1.309421919
12.82958884,0,1.170776889
13.07958884,0,1.364253286
13.32958884,0,1.116224242
13.57958884,0,1.123314179
13.82958884,0,1.33918282
14.07958884,0,1.269998173
14.32958884,0,1.285196841
14.57958884,0,1.765175501
14.82958884,0,1.372887972
15.07958884,0,1.694939815
15.32958884,0,2.051740436
15.57958884,0,1.571507838
15.82958884,0,2.108657834
16.07958884,0,1.935490457
16.32958884,0,1.845358649
16.57958884,0,1.874875991
16.82958884,0,2.313363375
17.07958884,0,2.858966508
17.32958884,0,2.501549111
17.57958884,0,2.351895381
17.82958884,0,2.934889306
18.07958884,0,2.457401688
18.32958884,0,2.614898593
18.57958884,0,2.946904764
18.82958884,0,2.412425112
19.07958884,0,2.720003801
19.32958884,0,3.045466359
19.57958884,0,3.17836096
19.82958884,0,2.983074041
20.07958884,0,3.302324145
20.32958884,0,3.369917713
20.57958884,0,3.43124411
20.82958884,0,3.685545916
21.07958884,0,3.518346746
21.32958884,0,3.74104341
21.57958884,0,3.637486609
21.82958884,0,3.610457328
22.07958884,0,3.987875738
22.32958884,0,3.204482545
22.57958884,0,3.972449412
22.82958884,0,4.023460321
23.07958884,0,4.303549993
23.32958884,0,4.362667012
23.57958884,0,4.590967343
23.82958884,0,4.340602972
24.07958884,0,4.536227269
24.32958884,0,4.515136371
24.57958884,0,5.015070687
24.82958884,0,4.712306087
25.07958884,0,4.627962929
25.32958884,0,5.20448165
25.57958884,0,4.587982143
25.82958884,0,4.883838246
26.07958884,0,4.890863618
26.32958884,0,5.013471185
26.57958884,0,5.087852594
26.82958884,0,5.555212636
27.07958884,0,5.387867873
27.32958884,0,5.910762327
27.57958884,0,5.346728179
27.82958884,0,5.491987222
28.07958884,0,5.55506518
28.32958884,0,5.862356775
28.57958884,0,5.716961927
28.82958884,0,5.712725558
29.07958884,0,5.74304461
29.32958884,0,6.091486531
29.57958884,0,5.960218477
29.82958884,0,5.86335574
30.07958884,0,5.986710577
30.32958884,0,6.452159573
30.57958884,0,6.353857138
30.82958884,0,6.014209291
31.07958884,0,6.073479778
31.32958884,0,6.270649487
31.57958884,0,6.023750149
31.82958884,0,6.189643183
32.07958884,0,6.052142308
32.32958884,0,5.930041212
32.57958884,0,6.250545061
32.82958884,0,6.340646767
33.07958884,0,6.497407896
33.32958884,0,6.398905962
33.57958884,0,6.093332685
33.82958884,0,6.589031296
34.07958884,0,6.338262701
34.32958884,0,6.259123645
34.57958884,0,6.791975093
34.82958884,0,6.638570619
35.07958884,0,6.571037854
35.32958884,0,6.608512008
35.57958884,0,6.927575544
35.82958884,0,6.496548049
36.07958884,0,6.494036893
36.32958884,0,6.292537869
36.57958884,0,6.845984586
36.82958884,0,6.740835191
37.07958884,0,6.731201825
37.32958884,0,6.439665962
37.57958884,0,6.569729826
37.82958884,0,6.68796563
38.07958884,0,6.754906218
38.32958884,0,6.568856859
38.57958884,0,6.259802184
38.82958884,0,6.446686566
39.07958884,0,6.679090528
39.32958884,0,6.588938438
39.57958884,0,6.931270837
39.82958884,0,6.25080594
40.07958884,0,6.310869964
40.32958884,0,6.648042176
40.57958884,0,6.315541831
40.82958884,0,6.786990626
41.07958884,0,6.680125762
41.32958884,0,6.496366404
41.57958884,0,6.259397584
41.82958884,0,6.529415728
42.07958884,0,6.627873919
42.32958884,0,6.538677495
42.57958884,0,6.374339154
42.82958884,0,6.391865247
43.07958884,0,6.660549051
43.32958884,0,6.58825824
43.57958884,0,6.474059464
43.82958884,0,6.071453993
44.07958884,0,5.792993907
44.32958884,0,6.110703686
44.57958884,0,6.076870046
44.82958884,0,6.14575569
45.07958884,0,6.086778242
45.32958884,0,6.307223797
45.57958884,0,6.019330136
45.82958884,0,6.460383955
46.07958884,0,6.073409177
46.32958884,0,6.07918973
46.57958884,0,5.638593035
46.82958884,0,5.833792895
47.07958884,0,5.478654121
47.32958884,0,5.861087372
47.57958884,0,6.050916777
47.82958884,0,6.156986625
48.07958884,0,5.521955432
48.32958884,0,5.397542666
48.57958884,0,5.85879016
48.82958884,0,5.776598792
49.07958884,0,5.518910805
49.32958884,0,5.804343505
49.57958884,0,5.622016152
49.82958884,0,5.69349752
50.07958884,0,5.495725094
50.32958884,0,5.373193067
50.57958884,0,5.703330283
50.82958884,0,5.696691773
51.07958884,0,5.728953615
51.32958884,0,5.316838853
51.57958884,0,5.273062416
51.82958884,0,5.406790809
52.07958884,0,5.184828716
52.32958884,0,5.349476447
52.57958884,0,5.088362041
52.82958884,0,5.160373213
53.07958884,0,4.884324928
53.32958884,0,4.748154843
53.57958884,0,5.134259115
53.82958884,0,5.004911917
54.07958884,0,4.873742483
54.32958884,0,4.979377132
54.57958884,0,4.894604313
54.82958884,0,5.193922198
55.07958884,0,4.819413897
55.32958884,0,5.117983055
55.57958884,0,4.686991633
55.82958884,0,4.632513286
56.07958884,0,4.402883208
56.32958884,0,4.826709888
56.57958884,0,4.789107361
56.82958884,0,5.0055365
57.07958884,0,5.120020942
57.32958884,0,4.897092833
57.57958884,0,4.665671666
57.82958884,0,4.775602394
58.07958884,0,4.563538211
58.32958884,0,4.488789527
58.57958884,0,4.372114742
58.82958884,0,4.606850106
59.07958884,0,4.500760149
59.32958884,0,4.192529348
59.57958884,0,4.498413915
59.82958884,0,4.556084664
60.07958884,0,4.33767855
60.32958884,0,4.340045603
60.57958884,0,4.378544416
60.82958884,0,4.117353049
61.07958884,0,4.099013527
61.32958884,0,4.516316182
61.57958884,0,4.408951245
61.82958884,0,4.429263449
62.07958884,0,4.037175491
62.32958884,0,4.359499861
62.57958884,0,4.320581275
62.82958884,0,4.288427065
63.07958884,0,4.047900616
63.32958884,0,4.102836723
63.57958884,0,4.485453204
63.82958884,0,4.147368865
64.07958884,0,3.728295076
64.32958884,0,3.98561102
64.57958884,0,3.613919461
64.82958884,0,4.139878078
65.07958884,0,3.815956873
65.32958884,0,3.949450906
65.57958884,0,4.045322735
65.82958884,0,4.008700643
66.07958884,0,3.651645887
66.32958884,0,3.792087256
66.57958884,0,3.717382188
66.82958884,0,3.807510913
67.07958884,0,4.296167831
67.32958884,0,3.953496389
67.57958884,0,3.595807349
67.82958884,0,4.025191783
68.07958884,0,3.809557552
68.32958884,0,4.053289646
68.57958884,0,3.79593085
68.82958884,0,3.879686694
69.07958884,0,4.114468597
69.32958884,0,3.927268498
69.57958884,0,4.131547511
69.82958884,0,3.81935281
70.07958884,0,3.829663544
70.32958884,0,3.941778819
70.57958884,0,3.775407752
70.82958884,0,3.929620055
71.07958884,0,3.972560504
71.32958884,0,3.784871421
71.57958884,0,3.663859795
71.82958884,0,3.777215615
72.07958884,0,3.809122819
72.32958884,0,4.000678655
72.57958884,0,3.87994189
72.82958884,0,4.069871136
73.07958884,0,3.732984032
73.32958884,0,3.979026003
73.57958884,0,4.059461118
73.82958884,0,4.01319082
74.07958884,0,3.754420485
74.32958884,0,4.02001226
74.57958884,0,3.802874805
74.82958884,0,3.928615722
75.07958884,0,3.834961183
75.32958884,0,4.133647437
75.57958884,0,3.594058086
75.82958884,0,3.998308291
76.07958884,0,3.939395606
76.32958884,0,3.766973976
76.57958884,0,4.01279484
76.82958884,0,3.920253873
77.07958884,0,4.218200366
77.32958884,0,3.629369989
77.57958884,0,4.081573779
77.82958884,0,4.147065069
78.07958884,0,3.626576015
78.32958884,0,4.227589342
78.57958884,0,4.329289911
78.82958884,0,4.236744931
79.07958884,0,4.43302586
79.32958884,0,4.236569372
79.57958884,0,3.720772723
79.82958884,0,3.920849069
80.07958884,0,4.417343616
80.32958884,0,4.103583419
80.57958884,0,3.951995752
80.82958884,0,3.75946911
81.07958884,0,3.955059089
81.32958884,0,4.068527904
81.57958884,0,4.338763137
81.82958884,0,4.359230659
82.07958884,0,4.580384304
82.32958884,0,4.463946555
82.57958884,0,4.122361275
82.82958884,0,4.307504784
83.07958884,0,4.377988284
83.32958884,0,4.423411374
83.57958884,0,4.084587984
83.82958884,0,4.192552496
84.07958884,0,4.282446797
84.32958884,0,4.346238084
84.57958884,0,4.735426773
84.82958884,0,4.472456946
85.07958884,0,4.207523281
85.32958884,0,4.442527702
85.57958884,0,4.438134464
85.82958884,0,4.417900204
86.07958884,0,4.744661598
86.32958884,0,4.866935543
86.57958884,0,4.512771719
86.82958884,0,4.554960122
87.07958884,0,4.266320885
87.32958884,0,4.727801623
87.57958884,0,4.364675803
87.82958884,0,4.596525689
88.07958884,0,4.613822752
88.32958884,0,4.53966028
88.57958884,0,4.678809102
88.82958884,0,4.607219915
89.07958884,0,5.039255239
89.32958884,0,4.917825431
89.57958884,0,5.061999521
89.82958884,0,4.834303091
90.07958884,0,4.670793705
90.32958884,0,4.698022256
90.57958884,0,4.709488553
90.82958884,0,4.862760449
91.07958884,0,4.626833521
91.32958884,0,4.762788923
91.57958884,0,4.54792157
91.82958884,0,4.921437295
92.07958884,0,4.627629173
92.32958884,0,4.469457
92.57958884,0,4.68786959
92.82958884,0,4.646537189
93.07958884,0,4.587838965
93.32958884,0,4.651619381
93.57958884,0,4.90311757
93.82958884,0,4.768919289
94.07958884,0,4.475169978
94.32958884,0,5.087358796
94.57958884,0,4.848255967
94.82958884,0,4.963886504
95.07958884,0,4.590010214
95.32958884,0,4.791757422
95.57958884,0,5.059226488
95.82958884,0,4.609593485
96.07958884,0,4.925514721
96.32958884,0,5.17058158
96.57958884,0,4.707665167
96.82958884,0,4.440953173
97.07958884,0,4.454620313
97.32958884,0,4.845408676
97.57958884,0,5.146901321
97.82958884,0,4.803640383
98.07958884,0,4.830424098
98.32958884,0,4.535964354
98.57958884,0,4.946103465
98.82958884,0,4.910716521
99.07958884,0,5.021231028
99.32958884,0,4.745474756
99.57958884,0,5.183869883
99.82958884,0,4.860323882
100.0795888,0,4.556183268
100.3295888,0,4.851886984
100.5795888,0,5.173600279
100.8295888,0,4.992286079
101.0795888,0,4.531632088
101.3295888,0,5.251919295
101.5795888,0,5.01026845
101.8295888,0,4.913025282
102.0795888,0,4.890829389
102.3295888,0,4.855342892
102.5795888,0,4.845810235
102.8295888,0,4.691507828
103.0795888,0,5.125320216
103.3295888,0,4.872628144
103.5795888,0,5.090908151
103.8295888,0,5.013342918
104.0795888,0,4.910149417
104.3295888,0,4.972514838
104.5795888,0,4.702694449
104.8295888,0,4.984889832
105.0795888,0,5.210301313
105.3295888,0,5.121100276
105.5795888,0,4.939424144
105.8295888,0,4.966662665
106.0795888,0,4.86185833
106.3295888,0,4.665045645
106.5795888,0,4.717309539
106.8295888,0,4.678106026
107.0795888,0,4.758188288
107.3295888,0,5.048874939
107.5795888,0,5.056792283
107.8295888,0,5.115864645
108.0795888,0,4.956659769
108.3295888,0,5.072939639
108.5795888,0,4.440072777
108.8295888,0,4.834050722
109.0795888,0,4.290080634
109.3295888,0,5.052857788
109.5795888,0,4.673560407
109.8295888,0,5.007351545
110.0795888,0,4.972271982
110.3295888,0,4.700952879
110.5795888,0,4.613288966
110.8295888,0,4.717966333
111.0795888,0,4.732255323
111.3295888,0,4.795550768
111.5795888,0,4.709341668
111.8295888,0,4.846090522
112.0795888,0,4.534270085
112.3295888,0,4.721124995
112.5795888,0,4.668595277
112.8295888,0,4.699247337
113.0795888,0,4.59505033
113.3295888,0,4.616081725
113.5795888,0,4.750176433
113.8295888,0,4.775512047
114.0795888,0,4.839482599
114.3295888,0,4.661956628
114.5795888,0,4.822406128
114.8295888,0,4.768105632
115.0795888,0,4.594163674
115.3295888,0,4.577731883
115.5795888,0,4.806494579
115.8295888,0,4.201032394
116.0795888,0,4.889451675
116.3295888,0,4.779647028
116.5795888,0,4.404312091
116.8295888,0,5.044061719
117.0795888,0,4.616392205
117.3295888,0,4.847219092
117.5795888,0,5.201922438
117.8295888,0,4.470274206
118.0795888,0,4.636449678
118.3295888,0,3.999131649
118.5795888,0,4.38201721
118.8295888,0,4.474678416
119.0795888,0,4.77522105
119.3295888,0,4.470966667
119.5795888,0,4.606070341
119.8295888,0,4.516787271
120.0795888,0,4.702295402
120.3295888,0,5.090222995
120.5795888,0,4.528507605
120.8295888,0,4.362244885
121.0795888,0,4.430457068
121.3295888,0,4.426083496
121.5795888,0,4.403503764
121.8295888,0,4.947784387
122.0795888,0,4.521295343
122.3295888,0,4.533463157
122.5795888,0,4.336591305
122.8295888,0,4.39303972
123.0795888,0,4.649700524
123.3295888,0,4.510534696
123.5795888,0,4.651890446
123.8295888,0,4.501663369
124.0795888,0,4.367476339
124.3295888,0,4.782211208
124.5795888,0,4.498944405
124.8295888,0,5.00143361
125.0795888,0,4.68360486
125.3295888,0,4.167870502
125.5795888,0,4.228756789
125.8295888,0,4.258834813
126.0795888,0,4.37095599
126.3295888,0,4.445006339
126.5795888,0,4.586990769
126.8295888,0,4.734147812
127.0795888,0,4.47333936
127.3295888,0,4.446283352
127.5795888,0,4.264622172
127.8295888,0,4.452940444
128.0795888,0,4.477189603
128.3295888,0,4.502754553
128.5795888,0,4.699752597
128.8295888,0,4.183915495
129.0795888,0,4.521512241
129.3295888,0,4.129505909
129.5795888,0,4.657677095
129.8295888,0,4.931990266
130.0795888,0,4.595405298
130.3295888,0,4.143687525
130.5795888,0,4.42722367
130.8295888,0,4.315236387
131.0795888,0,4.124338752
131.3295888,0,4.207458135
131.5795888,0,3.99885261
131.8295888,0,4.260158884
132.0795888,0,4.607585405
132.3295888,0,4.462632107
132.5795888,0,3.890493431
132.8295888,0,4.616696978
133.0795888,0,4.563106854
133.3295888,0,4.139288574
133.5795888,0,4.239265434
133.8295888,0,4.453578544
134.0795888,0,4.110562873
134.3295888,0,4.164791893
134.5795888,0,4.172228633
134.8295888,0,4.480883985
135.0795888,0,4.390285046
135.3295888,0,4.250416647
135.5795888,0,4.14323565
135.8295888,0,4.309293961
136.0795888,0,4.18949524
136.3295888,0,4.656496157
136.5795888,0,3.985573179
136.8295888,0,4.253395957
137.0795888,0,4.107875478
137.3295888,0,4.640366684
137.5795888,0,4.520757805
137.8295888,0,4.211758185
138.0795888,0,4.296728952
138.3295888,0,4.473716037
138.5795888,0,4.431707251
138.8295888,0,3.836702568
139.0795888,0,3.98540374
139.3295888,0,4.282980491
139.5795888,0,4.621799848
139.8295888,0,4.474978624
140.0795888,0,4.180757919
140.3295888,0,4.507241005
140.5795888,0,4.252029699
140.8295888,0,4.155542764
141.0795888,0,4.411044054
141.3295888,0,4.307528315
141.5795888,0,4.360614616
141.8295888,0,4.20099456
142.0795888,0,4.400372292
142.3295888,0,4.254055013
142.5795888,0,4.184429831
142.8295888,0,4.593957529
143.0795888,0,4.401901036
143.3295888,0,4.152178534
143.5795888,0,4.676282128
143.8295888,0,4.251702884
144.0795888,0,4.429228276
144.3295888,0,4.187661038
144.5795888,0,4.805610004
144.8295888,0,4.807323217
145.0795888,0,4.413483707
145.3295888,0,4.275125995
145.5795888,0,4.617987563
145.8295888,0,4.493163772
146.0795888,0,4.408493231
146.3295888,0,4.748548083
146.5795888,0,4.670461266
146.8295888,0,4.464502691
147.0795888,0,4.55301187
147.3295888,0,4.429992231
147.5795888,0,4.512869961
147.8295888,0,4.598301639
148.0795888,0,4.669848185
148.3295888,0,4.265969694
148.5795888,0,4.465684096
148.8295888,0,4.579227531
149.0795888,0,4.184451212
149.3295888,0,4.425743281
149.5795888,0,4.318761553
149.8295888,0,4.392614113
150.0795888,0,4.505898249
150.3295888,0,4.310167999
150.5795888,0,4.619415751
150.8295888,0,4.489321166
151.0795888,0,4.769434043
151.3295888,0,4.446329985
151.5795888,0,4.408048219
151.8295888,0,4.509772406
152.0795888,0,4.578762172
152.3295888,0,4.693324412
152.5795888,0,4.252330311
152.8295888,0,4.580789903
153.0795888,0,4.204366544
153.3295888,0,4.61359901
153.5795888,0,4.243568882
153.8295888,0,4.474270199
154.0795888,0,4.786395735
154.3295888,0,4.511097906
154.5795888,0,4.345875976
154.8295888,0,4.36775483
155.0795888,0,4.496858404
155.3295888,0,4.589777526
155.5795888,0,4.336771564
155.8295888,0,4.57376606
156.0795888,0,4.346230196
156.3295888,0,4.494915501
156.5795888,0,4.543823949
156.8295888,0,4.430024426
157.0795888,0,4.480029814
157.3295888,0,4.657637095
157.5795888,0,4.429594425
157.8295888,0,4.073807337
158.0795888,0,4.615830584
158.3295888,0,4.27439375
158.5795888,0,4.575585274
158.8295888,0,4.387870451
159.0795888,0,4.709495343
159.3295888,0,4.201170549
159.5795888,0,4.365599994
159.8295888,0,4.574198521
160.0795888,0,4.633593527
160.3295888,0,4.487863676
160.5795888,0,4.401884428
160.8295888,0,4.270176934
161.0795888,0,4.532135183
161.3295888,0,4.248117166
161.5795888,0,4.960197957
161.8295888,0,4.454258255
162.0795888,0,4.614166978
162.3295888,0,4.621040298
162.5795888,0,4.670503661
162.8295888,0,4.408963847
163.0795888,0,4.848506916
163.3295888,0,4.552472711
163.5795888,0,4.545870043
163.8295888,0,4.555149238
164.0795888,0,4.731666445
164.3295888,0,4.743687206
164.5795888,0,4.472639395
164.8295888,0,4.102707763
165.0795888,0,4.32431028
165.3295888,0,4.153680697
165.5795888,0,4.216549754
165.8295888,0,4.583484534
166.0795888,0,4.322832319
166.3295888,0,4.771156817
166.5795888,0,4.625882528
166.8295888,0,4.367763377
167.0795888,0,4.49120747
167.3295888,0,4.686304821
167.5795888,0,4.549581359
167.8295888,0,4.356736221
168.0795888,0,4.828299148
168.3295888,0,4.543466173
168.5795888,0,4.85070492
168.8295888,0,4.734547798
169.0795888,0,4.533025785
169.3295888,0,4.438569152
169.5795888,0,4.30205536
169.8295888,0,4.775715854
170.0795888,0,4.765297986
170.3295888,0,4.496471401
170.5795888,0,4.376730242
170.8295888,0,4.514267045
171.0795888,0,4.339267992
171.3295888,0,4.408055145
171.5795888,0,4.424274566
171.8295888,0,4.507583427
172.0795888,0,4.46987177
172.3295888,0,4.695384438
172.5795888,0,4.307809677
172.8295888,0,4.715367646
173.0795888,0,4.703747039
173.3295888,0,4.591225288
173.5795888,0,4.536323262
173.8295888,0,4.220514202
174.0795888,0,4.625653557
174.3295888,0,4.483656152
174.5795888,0,4.386227834
174.8295888,0,4.596476988
175.0795888,0,4.605604184
175.3295888,0,4.884520914
175.5795888,0,4.505058489
175.8295888,0,4.145594489
176.0795888,0,4.149759796
176.3295888,0,4.20965948
176.5795888,0,4.204367857
176.8295888,0,4.34805815
177.0795888,0,4.645988107
177.3295888,0,4.333842426
177.5795888,0,4.306424645
177.8295888,0,4.12825699
178.0795888,0,4.536718785
178.3295888,0,4.471219202
178.5795888,0,4.378551511
178.8295888,0,4.444635993
179.0795888,0,4.34888877
179.3295888,0,4.564507595
179.5795888,0,4.867897809
179.8295888,0,4.527680148
180.0795888,0,4.669428986
180.3295888,0,4.539869241
180.5795888,0,4.456426104
180.8295888,0,4.881294738
181.0795888,0,4.096368791
181.3295888,0,4.332768878
181.5795888,0,4.704456868
181.8295888,0,4.37953464
182.0795888,0,4.535662692
182.3295888,0,4.340121838
182.5795888,0,4.714924683
182.8295888,0,4.602718367
183.0795888,0,4.31611882
183.3295888,0,4.366527309
183.5795888,0,4.296334096
183.8295888,0,4.553582585
184.0795888,0,3.943968635
184.3295888,0,4.59344052
184.5795888,0,4.082352048
184.8295888,0,3.991941492
185.0795888,0,4.356916406
185.3295888,0,4.671277618
185.5795888,0,4.743941694
185.8295888,0,4.682704973
186.0795888,0,4.122763644
186.3295888,0,4.591672051
186.5795888,0,4.296245152
186.8295888,0,3.900331707
187.0795888,0,4.629415473
187.3295888,0,4.179900654
187.5795888,0,4.148558545
187.8295888,0,4.055548729
188.0795888,0,4.332585073
188.3295888,0,4.65974462
188.5795888,0,4.105794587
188.8295888,0,4.765032081
189.0795888,0,4.28419039
189.3295888,0,4.349989063
189.5795888,0,4.491256471
189.8295888,0,4.711054888
190.0795888,0,4.219327705
190.3295888,0,4.757881945
190.5795888,0,4.49374046
190.8295888,0,4.108015463
191.0795888,0,4.086695687
191.3295888,0,4.23513007
191.5795888,0,4.265155834
191.8295888,0,4.768104397
192.0795888,0,4.080507944
192.3295888,0,4.980032052
192.5795888,0,3.827415761
192.8295888,0,4.323704622
193.0795888,0,4.301680069
193.3295888,0,4.431119603
193.5795888,0,4.462654033
193.8295888,0,4.197567357
194.0795888,0,4.458260209
194.3295888,0,4.030364601
194.5795888,0,4.202421001
194.8295888,0,4.676052739
195.0795888,0,4.559105896
195.3295888,0,4.163785094
195.5795888,0,4.676067196
195.8295888,0,4.333827629
196.0795888,0,4.378114235
196.3295888,0,4.464190253
196.5795888,0,4.402857925
196.8295888,0,4.830924627
197.0795888,0,4.380945282
197.3295888,0,4.394273755
197.5795888,0,4.308507888
197.8295888,0,4.078963065
198.0795888,0,4.442682616
198.3295888,0,4.475870189
198.5795888,0,4.473758494
198.8295888,0,4.487912206
199.0795888,0,4.564065925
199.3295888,0,4.208114802
199.5795888,0,4.474260518
199.8295888,0,4.482942376
200.0795888,0,4.272915545
200.3295888,0,4.355775272
200.5795888,0,4.198153162
200.8295888,0,4.438393597
201.0795888,0,4.29194588
201.3295888,0,4.743280058
201.5795888,0,4.452744524
201.8295888,0,4.298137283
202.0795888,0,4.21363689
202.3295888,0,3.825644796
202.5795888,0,4.403173535
202.8295888,0,4.201241971
203.0795888,0,4.404294429
203.3295888,0,4.056635743
203.5795888,0,4.51388046
203.8295888,0,4.223686816
204.0795888,0,4.438097543
204.3295888,0,4.203620274
204.5795888,0,4.342471794
204.8295888,0,4.598353029
205.0795888,0,4.369770872
205.3295888,0,4.420608475
205.5795888,0,4.60596598
205.8295888,0,4.266787628
206.0795888,0,4.447355196
206.3295888,0,4.568592305
206.5795888,0,4.583222316
206.8295888,0,4.481681798
207.0795888,0,4.890581146
207.3295888,0,4.1001744
207.5795888,0,4.186019658
207.8295888,0,4.413138396
208.0795888,0,4.263653666
208.3295888,0,4.452572915
208.5795888,0,4.0791632
208.8295888,0,4.36992847
209.0795888,0,4.524923506
209.3295888,0,4.151784069
209.5795888,0,4.285423505
209.8295888,0,3.949383444
210.0795888,0,4.186790253
210.3295888,0,4.414488726
210.5795888,0,4.611877787
210.8295888,0,4.604152324
211.0795888,0,4.404547033
211.3295888,0,4.232314826
211.5795888,0,4.066467995
211.8295888,0,4.511107072
212.0795888,0,4.428455137
212.3295888,0,4.240413227
212.5795888,0,4.303620275
212.8295888,0,4.366920129
213.0795888,0,4.199389233
213.3295888,0,4.21634485
213.5795888,0,4.295541655
213.8295888,0,4.238851066
214.0795888,0,4.629597374
214.3295888,0,4.398770061
214.5795888,0,4.467418403
214.8295888,0,4.783011349
215.0795888,0,4.277776501
215.3295888,0,4.292721751
215.5795888,0,4.088248477
215.8295888,0,4.445266611
216.0795888,0,4.253984136
216.3295888,0,4.200698603
216.5795888,0,4.481663275
216.8295888,0,4.074959222
217.0795888,0,3.834796608
217.3295888,0,4.685954497
217.5795888,0,4.617325773
217.8295888,0,4.484977854
218.0795888,0,3.982186276
218.3295888,0,4.269002845
218.5795888,0,4.80727925
218.8295888,0,4.513464694
219.0795888,0,4.205546997
219.3295888,0,4.237534581
219.5795888,0,4.276850832
219.8295888,0,4.288039982
220.0795888,0,4.152127236
220.3295888,0,4.748441683
220.5795888,0,4.543609625
220.8295888,0,4.424873602
221.0795888,0,4.654224498
221.3295888,0,4.158729676
221.5795888,0,4.357158474
221.8295888,0,4.367743129
222.0795888,0,4.112961425
222.3295888,0,4.481636961
222.5795888,0,4.307070355
222.8295888,0,4.600959266
223.0795888,0,4.485416152
223.3295888,0,4.230986996
223.5795888,0,4.631882201
223.8295888,0,4.577299267
224.0795888,0,4.525615612
224.3295888,0,4.520124752
224.5795888,0,4.267607016
224.8295888,0,4.050170771
225.0795888,0,4.477039926
225.3295888,0,4.519501077
225.5795888,0,4.545088838
225.8295888,0,4.133061444
226.0795888,0,4.225552582
226.3295888,0,4.503045507
226.5795888,0,4.488445582
226.8295888,0,4.512190386
227.0795888,0,4.166450257
227.3295888,0,4.507061897
227.5795888,0,4.419132599
227.8295888,0,4.484573297
228.0795888,0,3.846575223
228.3295888,0,4.157504784
228.5795888,0,4.646758335
228.8295888,0,4.561387954
229.0795888,0,4.001060729
229.3295888,0,4.189664497
229.5795888,0,3.864951803
229.8295888,0,4.375166496
230.0795888,0,4.312089444
230.3295888,0,4.196402027
230.5795888,0,4.157712478
230.8295888,0,4.16241977
231.0795888,0,3.98060748
231.3295888,0,4.049362532
231.5795888,0,4.429913583
231.8295888,0,4.37668929
232.0795888,0,4.555096082
232.3295888,0,4.436199552
232.5795888,0,4.304566289
232.8295888,0,4.266371447
233.0795888,0,4.057601514
233.3295888,0,4.203022886
233.5795888,0,4.294503814
233.8295888,0,4.256862408
234.0795888,0,3.964001559
234.3295888,0,4.158549139
234.5795888,0,4.107889556
234.8295888,0,4.393658946
235.0795888,0,4.310499929
235.3295888,0,4.215586902
235.5795888,0,4.11553907
235.8295888,0,4.121245186
236.0795888,0,3.870888553
236.3295888,0,4.596533537
236.5795888,0,4.127708786
236.8295888,0,3.825546314
237.0795888,0,4.244938525
237.3295888,0,4.43443763
237.5795888,0,4.144077558
237.8295888,0,4.264580428
238.0795888,0,4.338223876
238.3295888,0,4.335083942
238.5795888,0,4.544216876
238.8295888,0,4.017090701
239.0795888,0,4.565662606
239.3295888,0,4.607402731
239.5795888,0,4.424679195
239.8295888,0,4.131306887
240.0795888,0,4.071467903
240.3295888,0,4.21704341
240.5795888,0,4.227185882
240.8295888,0,4.370701727
241.0795888,0,4.498995984
241.3295888,0,4.503634925
241.5795888,0,4.513663329
241.8295888,0,4.300797299
242.0795888,0,4.280043629
242.3295888,0,4.340110091
242.5795888,0,4.398432875
242.8295888,0,4.107038771
243.0795888,0,4.442077883
243.3295888,0,4.296059152
243.5795888,0,3.950694832
243.8295888,0,4.183139135
244.0795888,0,4.320085813
244.3295888,0,4.3922215
244.5795888,0,4.427428086
244.8295888,0,4.374289738
245.0795888,0,4.455573809
245.3295888,0,4.347072066
245.5795888,0,4.2186782
245.8295888,0,4.512582966
246.0795888,0,4.310034493
246.3295888,0,4.2833701
246.5795888,0,4.066588402
246.8295888,0,4.458973489
247.0795888,0,4.144413799
247.3295888,0,4.469500123
247.5795888,0,4.039436596
247.8295888,0,4.341903107
248.0795888,0,4.215001067
248.3295888,0,4.276638246
248.5795888,0,4.014278428
248.8295888,0,4.181435115
249.0795888,0,4.48455374
249.3295888,0,4.753349068
249.5795888,0,4.430534136
249.8295888,0,3.92053301
250.0795888,0,4.196920382
250.3295888,0,4.373361104
250.5795888,0,4.151467546
250.8295888,0,4.700955564
251.0795888,0,4.2760681
251.3295888,0,4.544622236
251.5795888,0,4.344173107
251.8295888,0,4.301091366
252.0795888,0,4.652687684
252.3295888,0,4.044678758
252.5795888,0,4.185329381
252.8295888,0,3.970132423
253.0795888,0,4.339081223
253.3295888,0,4.369214632
253.5795888,0,4.389270542
253.8295888,0,4.494632143
254.0795888,0,4.023780027
254.3295888,0,4.566922249
254.5795888,0,3.911020522
254.8295888,0,4.388273967
255.0795888,0,3.892614188
255.3295888,0,4.440614195
255.5795888,0,4.327632218
255.8295888,0,4.518537585
256.0795888,0,4.412932373
256.3295888,0,4.534483016
256.5795888,0,4.157302701
256.8295888,0,3.95791561
257.0795888,0,3.874145652
257.3295888,0,4.680483169
257.5795888,0,4.500890214
257.8295888,0,4.426318771
258.0795888,0,4.37845397
258.3295888,0,4.076774065
258.5795888,0,4.299618797
258.8295888,0,4.21840024
259.0795888,0,4.362273312
259.3295888,0,4.157649503
259.5795888,0,4.764606076
259.8295888,0,4.020657198
260.0795888,0,4.426089542
260.3295888,0,4.400348515
260.5795888,0,4.212159086
260.8295888,0,4.880186175
261.0795888,0,4.180136036
261.3295888,0,4.241275248
261.5795888,0,4.703614816
261.8295888,0,4.604935829
262.0795888,0,3.967652483
262.3295888,0,4.488390107
262.5795888,0,4.349783346
262.8295888,0,4.372891585
263.0795888,0,4.151987477
263.3295888,0,3.999766796
263.5795888,0,3.989335927
263.8295888,0,4.027426381
264.0795888,0,4.140718203
264.3295888,0,4.025689839
264.5795888,0,4.46278999
264.8295888,0,4.310138698
265.0795888,0,4.305296616
265.3295888,0,4.016220638
265.5795888,0,4.405425115
265.8295888,0,3.756873747
266.0795888,0,4.130015757
266.3295888,0,4.377350155
266.5795888,0,4.658295618
266.8295888,0,4.174493599
267.0795888,0,4.430725109
267.3295888,0,4.705918541
267.5795888,0,4.131122171
267.8295888,0,4.115428159
268.0795888,0,4.718187682
268.3295888,0,4.278555652
268.5795888,0,4.482712428
268.8295888,0,4.315742429
269.0795888,0,4.403681756
269.3295888,0,4.384912718
269.5795888,0,4.340388785
269.8295888,0,3.69436758
270.0795888,0,4.145853013
270.3295888,0,4.161075586
270.5795888,0,4.075061674
270.8295888,0,4.095159551
271.0795888,0,4.14871809
271.3295888,0,4.009253831
271.5795888,0,4.258752188
271.8295888,0,4.091014174
272.0795888,0,4.096734203
272.3295888,0,3.922090043
272.5795888,0,4.42394542
272.8295888,0,3.878396366
273.0795888,0,4.406871515
273.3295888,0,4.246544284
273.5795888,0,4.373706393
273.8295888,0,4.116083082
274.0795888,0,4.353418094
274.3295888,0,4.433595536
274.5795888,0,4.290244462
274.8295888,0,4.27755271
275.0795888,0,4.250452866
275.3295888,0,4.217493781
275.5795888,0,4.276360294
275.8295888,0,4.171540718
276.0795888,0,3.896629574
276.3295888,0,4.455938515
276.5795888,0,4.11403173
276.8295888,0,4.222042708
277.0795888,0,4.208551447
277.3295888,0,4.368294605
277.5795888,0,4.541190933
277.8295888,0,3.803258797
278.0795888,0,4.29765707
278.3295888,0,4.158382455
278.5795888,0,3.965035836
278.8295888,0,4.166980274
279.0795888,0,4.206238476
279.3295888,0,4.684279532
279.5795888,0,3.944701675
279.8295888,0,4.623706238
280.0795888,0,4.242464626
280.3295888,0,4.402902498
280.5795888,0,4.150154463
280.8295888,0,4.025063888
281.0795888,0,4.367058166
281.3295888,0,4.392009788
281.5795888,0,4.418510879
281.8295888,0,4.186606439
282.0795888,0,4.43214411
282.3295888,0,4.193630835
282.5795888,0,4.496651772
282.8295888,0,4.261639445
283.0795888,0,4.182496149
283.3295888,0,3.893607009
283.5795888,0,4.690631729
283.8295888,0,4.375029324
284.0795888,0,4.147783123
284.3295888,0,4.271021886
284.5795888,0,4.166473723
284.8295888,0,4.104186273
285.0795888,0,4.064858391
285.3295888,0,3.917151088
285.5795888,0,4.50302597
285.8295888,0,4.401306412
286.0795888,0,4.188503666
286.3295888,0,4.150424539
286.5795888,0,4.4277345
286.8295888,0,3.85672522
287.0795888,0,3.654753676
287.3295888,0,4.05369101
287.5795888,0,4.032604907
287.8295888,0,4.505681288
288.0795888,0,4.053620677
288.3295888,0,3.881081112
288.5795888,0,3.917885102
288.8295888,0,4.124349509
289.0795888,0,4.362236175
289.3295888,0,3.707445772
289.5795888,0,4.117081998
289.8295888,0,4.067726709
290.0795888,0,4.454113809
290.3295888,0,4.634672054
290.5795888,0,4.328495068
290.8295888,0,4.367481512
291.0795888,0,4.091570516
291.3295888,0,4.013385161
291.5795888,0,4.201028388
291.8295888,0,4.368798003
292.0795888,0,4.660396967
292.3295888,0,4.270898659
292.5795888,0,4.020930102
292.8295888,0,4.021466649
293.0795888,0,3.991287961
293.3295888,0,4.344168515
293.5795888,0,4.291422576
293.8295888,0,4.244203446
294.0795888,0,4.310473565
294.3295888,0,4.195064277
294.5795888,0,4.105693572
294.8295888,0,4.300562083
295.0795888,0,4.329878332
295.3295888,0,4.00629836
295.5795888,0,3.74619303
295.8295888,0,4.079942249
296.0795888,0,3.979215997
296.3295888,0,4.030152862
296.5795888,0,4.405154152
296.8295888,0,4.057667505
297.0795888,0,4.186785689
297.3295888,0,4.782933335
297.5795888,0,4.212677245
297.8295888,0,4.008645944
298.0795888,0,4.250956942
298.3295888,0,3.918310173
298.5795888,0,4.053990146
298.8295888,0,4.096623306
299.0795888,0,4.207759166
299.3295888,0,4.446380376
299.5795888,0,4.235873595
299.8295888,0,4.16503609
300.0795888,0,4.249228831
300.3295888,0,3.962972875
300.5795888,0,4.284850609
300.8295888,0,4.076551897
301.0795888,0,4.30000596
301.3295888,0,4.13017681
301.5795888,0,4.019245856
301.8295888,0,3.85580872
302.0795888,0,4.232057934
302.3295888,0,4.292359778
302.5795888,0,4.083046809
302.8295888,0,3.925583387
303.0795888,0,3.964758456
303.3295888,0,4.403849988
303.5795888,0,4.049348323
303.8295888,0,4.253445609
304.0795888,0,4.193160918
304.3295888,0,4.395225785
304.5795888,0,4.085106913
304.8295888,0,4.198930762
305.0795888,0,4.541318502
305.3295888,0,4.341727862
305.5795888,0,4.631747727
305.8295888,0,4.240067429
306.0795888,0,4.330934378
306.3295888,0,4.413939365
306.5795888,0,4.387392169
306.8295888,0,4.004575591
307.0795888,0,3.779637272
307.3295888,0,4.307051579
307.5795888,0,4.019803926
307.8295888,0,4.615775749
308.0795888,0,4.297856323
308.3295888,0,4.32961556
308.5795888,0,4.333744144
308.8295888,0,4.41868524
309.0795888,0,4.127124879
309.3295888,0,4.173611475
309.5795888,0,4.230847341
309.8295888,0,4.397732947
310.0795888,0,4.284061088
310.3295888,0,4.080658158
310.5795888,0,4.375483381
310.8295888,0,4.239841933
311.0795888,0,3.983101082
311.3295888,0,4.189397387
311.5795888,0,3.95624407
311.8295888,0,4.033629922
312.0795888,0,4.300922277
312.3295888,0,3.799742635
312.5795888,0,3.894884969
312.8295888,0,4.460759168
313.0795888,0,4.264722386
313.3295888,0,4.308779535
313.5795888,0,4.388414946
313.8295888,0,4.429583882
314.0795888,0,4.238534314
314.3295888,0,4.347370494
314.5795888,0,4.026505066
314.8295888,0,4.117484341
315.0795888,0,4.110626146
315.3295888,0,4.039380507
315.5795888,0,4.070531003
315.8295888,0,4.264946315
316.0795888,0,4.128423931
316.3295888,0,4.205062544
316.5795888,0,4.094588752
316.8295888,0,4.18583
317.0795888,0,4.364468344
317.3295888,0,3.828084006
317.5795888,0,4.444654943
317.8295888,0,4.285811534
318.0795888,0,4.455958381
318.3295888,0,4.382664501
318.5795888,0,3.920614146
318.8295888,0,4.143904935
319.0795888,0,4.075403778
319.3295888,0,3.881284277
319.5795888,0,4.487701209
319.8295888,0,4.097975471
320.0795888,0,4.119527919
320.3295888,0,4.352181418
320.5795888,0,4.13972129
320.8295888,0,4.14083069
321.0795888,0,4.257926913
321.3295888,0,4.297442583
321.5795888,0,4.32803509
321.8295888,0,4.282438509
322.0795888,0,4.331164863
322.3295888,0,4.083780318
322.5795888,0,3.811670439
322.8295888,0,4.557221487
323.0795888,0,4.043581981
323.3295888,0,4.477608731
323.5795888,0,4.47058098
323.8295888,0,4.341887533
324.0795888,0,4.297080792
324.3295888,0,4.200222035
324.5795888,0,4.123638184
324.8295888,0,4.072680167
325.0795888,0,4.031668411
325.3295888,0,4.04126543
325.5795888,0,4.497988961
325.8295888,0,3.746011764
326.0795888,0,4.115934135
326.3295888,0,4.077048606
326.5795888,0,4.339263131
326.8295888,0,4.208386247
327.0795888,0,3.962858119
327.3295888,0,4.41355264
327.5795888,0,4.472167103
327.8295888,0,4.211306882
328.0795888,0,4.177442656
328.3295888,0,4.229279267
328.5795888,0,4.062436809
328.8295888,0,4.430861295
329.0795888,0,3.780773064
329.3295888,0,4.44723965
329.5795888,0,3.995803094
329.8295888,0,3.986488364
330.0795888,0,4.182718257
330.3295888,0,4.218299989
330.5795888,0,4.259367003
330.8295888,0,4.270474223
331.0795888,0,3.880306254
331.3295888,0,4.288844383
331.5795888,0,4.284662667
331.8295888,0,4.288660105
332.0795888,0,4.182823524
332.3295888,0,4.206393868
332.5795888,0,3.977211653
332.8295888,0,4.143604002
333.0795888,0,4.305480645
333.3295888,0,3.846140336
333.5795888,0,4.065900389
333.8295888,0,3.878921191
334.0795888,0,4.411382992
334.3295888,0,4.234684005
334.5795888,0,4.402509805
334.8295888,0,4.068158236
335.0795888,0,4.253662503
335.3295888,0,4.262337401
335.5795888,0,4.347112937
335.8295888,0,4.190314837
336.0795888,0,4.246172402
336.3295888,0,3.812888141
336.5795888,0,4.385184324
336.8295888,0,4.040266531
337.0795888,0,4.002529734
337.3295888,0,3.805443857
337.5795888,0,4.157681186
337.8295888,0,4.153195359
338.0795888,0,4.207346513
338.3295888,0,4.264901729
338.5795888,0,4.076036285
338.8295888,0,4.350752358
339.0795888,0,4.0449343
339.3295888,0,3.893196682
339.5795888,0,4.052262428
339.8295888,0,3.995602885
340.0795888,0,4.165779323
340.3295888,0,4.219282939
340.5795888,0,3.907482916
340.8295888,0,4.191564279
341.0795888,0,4.029842774
341.3295888,0,4.313133042
341.5795888,0,3.985221142
341.8295888,0,4.113716801
342.0795888,0,4.029134295
342.3295888,0,4.078540608
342.5795888,0,4.234852419
342.8295888,0,3.982115044
343.0795888,0,3.852365276
343.3295888,0,3.932183824
343.5795888,0,3.858656999
343.8295888,0,4.222755249
344.0795888,0,4.168147096
344.3295888,0,4.2743091
344.5795888,0,3.970158377
344.8295888,0,4.195305445
345.0795888,0,4.010080881
345.3295888,0,4.247049985
345.5795888,0,4.238571098
345.8295888,0,4.1634201
346.0795888,0,4.508443848
346.3295888,0,3.910973502
346.5795888,0,4.080490517
346.8295888,0,4.124168606
347.0795888,0,4.159955916
347.3295888,0,4.27102072
347.5795888,0,4.40832343
347.8295888,0,3.987969969
348.0795888,0,4.153625611
348.3295888,0,3.717479968
348.5795888,0,3.790005453
348.8295888,0,4.146403892
349.0795888,0,4.114817183
349.3295888,0,3.993322205
349.5795888,0,3.80398215
349.8295888,0,4.041917272
350.0795888,0,4.336947123
350.3295888,0,4.188954175
350.5795888,0,3.949570034
350.8295888,0,4.108143196
351.0795888,0,4.332130676
351.3295888,0,4.252835418
351.5795888,0,3.658090154
351.8295888,0,4.161823598
352.0795888,0,4.272820287
352.3295888,0,4.08166998
352.5795888,0,3.884426996
352.8295888,0,4.144161304
353.0795888,0,4.200658572
353.3295888,0,4.017862117
353.5795888,0,4.048486538
353.8295888,0,4.109253827
354.0795888,0,4.199455183
354.3295888,0,4.181853655
354.5795888,0,4.237681255
354.8295888,0,4.050463379
355.0795888,0,3.93586537
355.3295888,0,4.270490559
355.5795888,0,4.24159358
355.8295888,0,3.927617911
356.0795888,0,4.205288098
356.3295888,0,4.234868793
356.5795888,0,3.976189685
356.8295888,0,4.384692361
357.0795888,0,4.136457141
357.3295888,0,3.826580243
357.5795888,0,4.167683333
357.8295888,0,4.334099011
358.0795888,0,3.959156867
358.3295888,0,4.054083487
358.5795888,0,4.376724533
358.8295888,0,4.260273492
359.0795888,0,4.053220334
359.3295888,0,4.019002746
359.5795888,0,4.189222261
359.8295888,0,4.197892563
360.0795888,0,4.163917103
360.3295888,0,3.958260619
360.5795888,0,4.116186881
360.8295888,0,4.201335737
361.0795888,0,4.392323642
361.3295888,0,4.370058191
361.5795888,0,4.069966317
361.8295888,0,4.043185558
362.0795888,0,4.034220097
362.3295888,0,4.481666702
362.5795888,0,4.315678467
362.8295888,0,4.459595178
363.0795888,0,4.124679839
363.3295888,0,4.248544298
363.5795888,0,3.758005025
363.8295888,0,3.838685014
364.0795888,0,4.122010449
364.3295888,0,3.908715677
364.5795888,0,3.779574716
364.8295888,0,4.050063619
365.0795888,0,4.298570252
365.3295888,0,3.983770297
365.5795888,0,4.041582226
365.8295888,0,4.546270479
366.0795888,0,4.435933063
366.3295888,0,3.936223089
366.5795888,0,4.093139429
366.8295888,0,3.642379739
367.0795888,0,4.190958725
367.3295888,0,4.108094545
367.5795888,0,4.164664902
367.8295888,0,4.357270778
368.0795888,0,4.202431858
368.3295888,0,3.805436557
368.5795888,0,3.763244587
368.8295888,0,4.123539116
369.0795888,0,3.96035201
369.3295888,0,3.897048484
369.5795888,0,3.635999133
369.8295888,0,3.937639889
370.0795888,0,4.255031902
370.3295888,0,3.953191216
370.5795888,0,4.082633568
370.8295888,0,3.955640274
371.0795888,0,4.128094704
371.3295888,0,4.055193517
371.5795888,0,4.32754548
371.8295888,0,3.865517469
372.0795888,0,4.154186235
372.3295888,0,4.111083266
372.5795888,0,3.730462307
372.8295888,0,4.142929371
373.0795888,0,3.868978202
373.3295888,0,3.810406937
373.5795888,0,4.062683334
373.8295888,0,4.31349697
374.0795888,0,4.177837142
374.3295888,0,4.378660635
374.5795888,0,3.993864048
374.8295888,0,4.078087046
375.0795888,0,4.178468666
375.3295888,0,4.252281936
375.5795888,0,3.939329684
375.8295888,0,3.992242441
376.0795888,0,4.054234668
376.3295888,0,4.061131141
376.5795888,0,4.135853578
376.8295888,0,4.153689471
377.0795888,0,3.998261701
377.3295888,0,4.115158133
377.5795888,0,4.246860953
377.8295888,0,3.831914778
378.0795888,0,3.967211319
378.3295888,0,3.596626124
378.5795888,0,4.325420082
378.8295888,0,4.270949513
379.0795888,0,3.971025642
379.3295888,0,3.971302138
379.5795888,0,4.501825058
379.8295888,0,4.108474505
380.0795888,0,3.749932516
380.3295888,0,4.314395001
380.5795888,0,4.152538361
380.8295888,0,4.312986254
381.0795888,0,4.328689156
381.3295888,0,3.595319151
381.5795888,0,4.014980601
381.8295888,0,4.543422188
382.0795888,0,4.070257756
382.3295888,0,3.953165726
382.5795888,0,4.079218634
382.8295888,0,4.324971749
383.0795888,0,4.046441903
383.3295888,0,4.376746562
383.5795888,0,3.90161365
383.8295888,0,3.800356005
384.0795888,0,3.913767368
384.3295888,0,3.948230728
384.5795888,0,4.102317939
384.8295888,0,4.446356695
385.0795888,0,3.794916533
385.3295888,0,3.691922865
385.5795888,0,3.897595884
385.8295888,0,3.727271633
386.0795888,0,4.092099836
386.3295888,0,4.03944144
386.5795888,0,3.875721399
386.8295888,0,4.170530472
387.0795888,0,3.770930345
387.3295888,0,4.005714538
387.5795888,0,4.108970216
387.8295888,0,4.012279874
388.0795888,0,4.071544389
388.3295888,0,3.967163829
388.5795888,0,3.936703611
388.8295888,0,3.998769196
389.0795888,0,4.056577297
389.3295888,0,3.940389426
389.5795888,0,4.06783222
389.8295888,0,4.22423888
390.0795888,0,3.615859917
390.3295888,0,3.954530739
390.5795888,0,4.068202992
390.8295888,0,4.036179711
391.0795888,0,4.422221255
391.3295888,0,4.228998953
391.5795888,0,4.162011811
391.8295888,0,4.195577268
392.0795888,0,3.842140317
392.3295888,0,4.179896411
392.5795888,0,3.985848401
392.8295888,0,3.655040459
393.0795888,0,3.616439968
393.3295888,0,4.195857178
393.5795888,0,3.91627555
393.8295888,0,4.041090899
394.0795888,0,3.978222255
394.3295888,0,3.836991645
394.5795888,0,3.937275969
394.8295888,0,4.127453059
395.0795888,0,3.595221183
395.3295888,0,4.104619572
395.5795888,0,3.861170038
395.8295888,0,4.224672001
396.0795888,0,4.031487424
396.3295888,0,4.011313825
396.5795888,0,3.847010009
396.8295888,0,3.816097612
397.0795888,0,4.266571606
397.3295888,0,3.830296274
397.5795888,0,4.245630964
397.8295888,0,4.249699382
398.0795888,0,4.057350329
398.3295888,0,4.139882563
398.5795888,0,3.959215315
398.8295888,0,3.933076398
399.0795888,0,4.296044746
399.3295888,0,3.509279724
399.5795888,0,3.954692221
399.8295888,0,3.99071826
400.0795888,0,3.879313779
400.3295888,0,4.311358562
400.5795888,0,4.02548218
400.8295888,0,4.140524741
401.0795888,0,3.941607423
401.3295888,0,4.096481584
401.5795888,0,3.543761581
401.8295888,0,4.281041047
402.0795888,0,4.177924362
402.3295888,0,3.885914469
402.5795888,0,4.221565349
402.8295888,0,4.233307735
403.0795888,0,3.779720206
403.3295888,0,4.164871065
403.5795888,0,4.089486863
403.8295888,0,3.923465627
404.0795888,0,4.011587586
404.3295888,0,4.400710049
404.5795888,0,3.992398249
404.8295888,0,3.886347157
405.0795888,0,4.1488633
405.3295888,0,4.235732819
405.5795888,0,4.015796745
405.8295888,0,3.980850995
406.0795888,0,4.242403492
406.3295888,0,4.363145342
406.5795888,0,3.97999156
406.8295888,0,4.169887799
407.0795888,0,3.646182775
407.3295888,0,3.883705253
407.5795888,0,3.892834661
407.8295888,0,3.746372161
408.0795888,0,4.031207233
408.3295888,0,3.85488033
408.5795888,0,3.816614805
408.8295888,0,4.244023904
409.0795888,0,4.039605572
409.3295888,0,4.249551726
409.5795888,0,4.081582084
409.8295888,0,4.391614378
410.0795888,0,4.143706353
410.3295888,0,4.149964301
410.5795888,0,4.206665455
410.8295888,0,3.84418378
411.0795888,0,3.808324207
411.3295888,0,4.233201948
411.5795888,0,4.198256921
411.8295888,0,3.853957935
412.0795888,0,3.995516399
412.3295888,0,4.013585285
412.5795888,0,4.132340236
412.8295888,0,4.084213494
413.0795888,0,3.721902302
413.3295888,0,4.205449966
413.5795888,0,4.033701398
413.8295888,0,4.053794456
414.0795888,0,4.074785555
414.3295888,0,4.054104344
414.5795888,0,3.958271252
414.8295888,0,3.812782641
415.0795888,0,3.953166712
415.3295888,0,3.928250044
415.5795888,0,4.177359555
415.8295888,0,4.49187521
416.0795888,0,3.870715712
416.3295888,0,4.17879212
416.5795888,0,4.095971422
416.8295888,0,4.040197012
417.0795888,0,4.15897386
417.3295888,0,4.102996187
417.5795888,0,4.031313483
417.8295888,0,3.749931123
418.0795888,0,3.851637112
418.3295888,0,4.284383989
418.5795888,0,4.167466973
418.8295888,0,4.100125979
419.0795888,0,4.270454285
419.3295888,0,4.094938968
419.5795888,0,4.02045647
419.8295888,0,3.944507672
420.0795888,0,3.902360481
420.3295888,0,3.987944044
420.5795888,0,3.701644164
420.8295888,0,3.945813734
421.0795888,0,4.277137178
421.3295888,0,3.968139922
421.5795888,0,4.037194272
421.8295888,0,4.056310971
422.0795888,0,4.440968893
422.3295888,0,3.791188682
422.5795888,0,3.728148146
422.8295888,0,4.127977058
423.0795888,0,4.163698881
423.3295888,0,3.890332793
423.5795888,0,3.815145629
423.8295888,0,3.960486751
424.0795888,0,3.855214621
424.3295888,0,4.097000804
424.5795888,0,4.037395882
424.8295888,0,3.330419044
425.0795888,0,4.02116979
425.3295888,0,3.798885517
425.5795888,0,3.845370355
425.8295888,0,4.039745553
426.0795888,0,3.870737862
426.3295888,0,3.726721813
426.5795888,0,3.954382302
426.8295888,0,3.844400512
427.0795888,0,3.906411622
427.3295888,0,3.6568454
427.5795888,0,4.171085166
427.8295888,0,3.945267549
428.0795888,0,4.014621117
428.3295888,0,3.750381948
428.5795888,0,3.959409754
428.8295888,0,4.247186862
429.0795888,0,3.973622546
429.3295888,0,4.214603466
429.5795888,0,4.102385507
429.8295888,0,4.024167875
430.0795888,0,3.99199344
430.3295888,0,3.931347715
430.5795888,0,4.183704234
430.8295888,0,4.095956124
431.0795888,0,3.721338756
431.3295888,0,4.265530067
431.5795888,0,3.992632266
431.8295888,0,4.131751654
432.0795888,0,4.087476308
432.3295888,0,4.236545005
432.5795888,0,3.794684651
432.8295888,0,3.946659628
433.0795888,0,3.922131023
433.3295888,0,4.278260862
433.5795888,0,4.447464228
433.8295888,0,3.910856382
434.0795888,0,4.070503063
434.3295888,0,3.70200641
434.5795888,0,3.957285447
434.8295888,0,3.794890296
435.0795888,0,4.073098595
435.3295888,0,4.384597565
435.5795888,0,3.973290187
435.8295888,0,4.057098688
436.0795888,0,4.177363963
436.3295888,0,3.789740845
436.5795888,0,3.656903447
436.8295888,0,3.970859127
437.0795888,0,3.80492956
437.3295888,0,4.246706836
437.5795888,0,4.263248689
437.8295888,0,3.841147895
438.0795888,0,4.233266966
438.3295888,0,3.712515539
438.5795888,0,4.052523473
438.8295888,0,3.98669609
439.0795888,0,3.969093011
439.3295888,0,3.861535466
439.5795888,0,3.767307606
439.8295888,0,3.911873968
440.0795888,0,4.074231006
440.3295888,0,4.037098502
440.5795888,0,4.179577236
440.8295888,0,3.84527567
441.0795888,0,3.786056108
441.3295888,0,4.006264021
441.5795888,0,3.881859761
441.8295888,0,4.159473938
442.0795888,0,3.679788608
442.3295888,0,3.866101005
442.5795888,0,3.987606535
442.8295888,0,3.855354117
443.0795888,0,3.771056101
443.3295888,0,4.182475533
443.5795888,0,4.145933687
443.8295888,0,4.306256639
444.0795888,0,4.09462674
444.3295888,0,3.855722744
444.5795888,0,3.910891239
444.8295888,0,4.037456454
445.0795888,0,4.200721943
445.3295888,0,3.926604688
445.5795888,0,3.628791563
445.8295888,0,3.762622486
446.0795888,0,4.092913898
446.3295888,0,3.964251582
446.5795888,0,4.149620453
446.8295888,0,4.048258409
447.0795888,0,3.678884127
447.3295888,0,4.212346252
447.5795888,0,3.711080894
447.8295888,0,3.944494624
448.0795888,0,3.986872023
448.3295888,0,4.044409677
448.5795888,0,4.248436403
448.8295888,0,4.168884348
449.0795888,0,3.761603794
449.3295888,0,3.766622104
449.5795888,0,4.162737231
449.8295888,0,4.083642969
450.0795888,0,3.993558044
450.3295888,0,3.948315465
450.5795888,0,4.075311257
450.8295888,0,3.862914599
451.0795888,0,4.385984066
451.3295888,0,3.946834367
451.5795888,0,3.948852671
451.8295888,0,3.880531865
452.0795888,0,4.001152026
452.3295888,0,3.982521734
452.5795888,0,3.772482965
452.8295888,0,4.13943801
453.0795888,0,3.817008707
453.3295888,0,3.775524047
453.5795888,0,4.046716091
453.8295888,0,3.857653608
454.0795888,0,3.892733306
454.3295888,0,3.659441235
454.5795888,0,3.823058048
454.8295888,0,4.075132942
455.0795888,0,3.905479234
455.3295888,0,3.939636559
455.5795888,0,3.74911099
455.8295888,0,3.61159519
456.0795888,0,3.78149556
456.3295888,0,3.840552808
456.5795888,0,3.859854756
456.8295888,0,4.15969352
457.0795888,0,3.886335451
457.3295888,0,4.205938616
457.5795888,0,4.249250867
457.8295888,0,3.975361412
458.0795888,0,3.839094275
458.3295888,0,3.966380058
458.5795888,0,3.860303188
458.8295888,0,3.899079405
459.0795888,0,4.086322115
459.3295888,0,4.099099508
459.5795888,0,3.685636587
459.8295888,0,3.718079271
460.0795888,0,4.193637984
460.3295888,0,3.842477528
460.5795888,0,3.830616148
460.8295888,0,4.244998036
461.0795888,0,4.096623699
461.3295888,0,4.188173836
461.5795888,0,3.836909907
461.8295888,0,4.266231119
462.0795888,0,3.850094819
462.3295888,0,3.962578227
462.5795888,0,3.767302829
462.8295888,0,3.969412277
463.0795888,0,3.879480247
463.3295888,0,4.030144399
463.5795888,0,3.707215101
463.8295888,0,3.7062145
464.0795888,0,3.751008541
464.3295888,0,3.784246508
464.5795888,0,3.764183646
464.8295888,0,3.823440167
465.0795888,0,3.613510755
465.3295888,0,3.75540146
465.5795888,0,3.517394742
465.8295888,0,3.606845745
466.0795888,0,4.01819161
466.3295888,0,3.702595626
466.5795888,0,3.9053618
466.8295888,0,3.784061544
467.0795888,0,4.092545635
467.3295888,0,3.461539949
467.5795888,0,3.933516599
467.8295888,0,4.240241144
468.0795888,0,4.111008588
468.3295888,0,4.063593567
468.5795888,0,3.847412502
468.8295888,0,4.605900896
469.0795888,0,3.909069125
469.3295888,0,4.134533095
469.5795888,0,4.271074927
469.8295888,0,3.874319903
470.0795888,0,3.932468211
470.3295888,0,3.854678104
470.5795888,0,3.723706942
470.8295888,0,4.071936729
471.0795888,0,3.909147251
471.3295888,0,3.546495596
471.5795888,0,3.915502802
471.8295888,0,4.144826706
472.0795888,0,3.884748514
472.3295888,0,4.010664922
472.5795888,0,3.889250562
472.8295888,0,3.514780825
473.0795888,0,3.817091442
473.3295888,0,3.880930231
473.5795888,0,3.61912717
473.8295888,0,3.540315228
474.0795888,0,4.071317882
474.3295888,0,3.998151157
474.5795888,0,3.763684673
474.8295888,0,3.579378135
475.0795888,0,4.134909428
475.3295888,0,4.111027038
475.5795888,0,3.79932485
475.8295888,0,3.903960414
476.0795888,0,4.014133777
476.3295888,0,3.865443945
476.5795888,0,3.949193203
476.8295888,0,4.29209979
477.0795888,0,3.915734698
477.3295888,0,4.168723099
477.5795888,0,4.096719975
477.8295888,0,3.765487153
478.0795888,0,4.167716225
478.3295888,0,3.791640629
478.5795888,0,4.002452582
478.8295888,0,3.907885178
479.0795888,0,3.842179653
479.3295888,0,4.13853024
479.5795888,0,4.014475552
479.8295888,0,3.880766048
480.0795888,0,4.080981264
480.3295888,0,4.039429668
480.5795888,0,4.059043591
480.8295888,0,3.911389882
481.0795888,0,3.539086755
481.3295888,0,3.980112307
481.5795888,0,4.1444715
481.8295888,0,3.819643954
482.0795888,0,3.783230557
482.3295888,0,3.88910815
482.5795888,0,4.013079399
482.8295888,0,3.975615887
483.0795888,0,3.823836616
483.3295888,0,4.211616083
483.5795888,0,3.641829277
483.8295888,0,3.628216357
484.0795888,0,4.403495299
484.3295888,0,3.974354764
484.5795888,0,4.115435037
484.8295888,0,3.735037498
485.0795888,0,3.874065373
485.3295888,0,4.254213379
485.5795888,0,3.888127356
485.8295888,0,3.798935931
486.0795888,0,3.915575042
486.3295888,0,3.458054097
486.5795888,0,4.081883443
486.8295888,0,3.788053794
487.0795888,0,3.700356177
487.3295888,0,3.803462903
487.5795888,0,3.835838599
487.8295888,0,3.761299609
488.0795888,0,3.498645477
488.3295888,0,3.738543325
488.5795888,0,3.884839951
488.8295888,0,3.703352339
489.0795888,0,3.783041437
489.3295888,0,3.828867622
489.5795888,0,3.927723283
489.8295888,0,3.911786199
490.0795888,0,3.774285721
490.3295888,0,3.660216448
490.5795888,0,3.650093201
490.8295888,0,3.973869679
491.0795888,0,3.799939291
491.3295888,0,4.016321533
491.5795888,0,4.002909258
491.8295888,0,4.081135275
492.0795888,0,4.019144009
492.3295888,0,3.834993054
492.5795888,0,3.90597313
492.8295888,0,3.951413982
493.0795888,0,3.875456546
493.3295888,0,3.690807197
493.5795888,0,3.797667127
493.8295888,0,4.252869208
494.0795888,0,3.804526097
494.3295888,0,3.658170651
494.5795888,0,3.916356401
494.8295888,0,3.812666425
495.0795888,0,4.209699623
495.3295888,0,4.007452472
495.5795888,0,3.987127698
495.8295888,0,3.758941372
496.0795888,0,4.086638704
496.3295888,0,3.729623014
496.5795888,0,4.132790446
496.8295888,0,3.446694298
497.0795888,0,4.184103256
497.3295888,0,3.745485614
497.5795888,0,3.848936106
497.8295888,0,3.856735623
498.0795888,0,3.947489131
498.3295888,0,3.943061055
498.5795888,0,4.207878686
498.8295888,0,3.867558938
499.0795888,0,3.934072098
499.3295888,0,3.995591517
499.4971916,0,3.935268373
499.6647944,0,3.833880013
499.8323972,0,4.002545617
500,0,3.697403537
